{
  "timelineObjects" : [ {
    "placeVisit" : {
      "location" : {
        "latitudeE7" : 339591460,
        "longitudeE7" : -1182595227,
        "placeId" : "ChIJDaU92ZjJwoAR02b6oEO4NP8",
        "address" : "834 E 87th St\nLos Angeles, CA 90002\nUSA",
        "name" : "834 E 87th St",
        "sourceInfo" : {
          "deviceTag" : 822075549
        },
        "locationConfidence" : 61.867077
      },
      "duration" : {
        "startTimestampMs" : "1610292328885",
        "endTimestampMs" : "1610310170220"
      },
      "placeConfidence" : "MEDIUM_CONFIDENCE",
      "centerLatE7" : 339591200,
      "centerLngE7" : -1182595371,
      "visitConfidence" : 77,
      "otherCandidateLocations" : [ {
        "latitudeE7" : 339589909,
        "longitudeE7" : -1182595257,
        "placeId" : "ChIJ19G92JjJwoARsZthFTu5r1g",
        "locationConfidence" : 4.9938583
      }, {
        "latitudeE7" : 339602850,
        "longitudeE7" : -1182605970,
        "placeId" : "ChIJsRiLkZjJwoARRgT5_8sBSYs",
        "locationConfidence" : 1.7837597
      }, {
        "latitudeE7" : 339593920,
        "longitudeE7" : -1182592415,
        "placeId" : "ChIJwXkK2pjJwoAR7yKUtCOyCPg",
        "locationConfidence" : 1.031622
      }, {
        "latitudeE7" : 339590039,
        "longitudeE7" : -1182592620,
        "placeId" : "ChIJ7zr_J5nJwoARa2nqqW4C44g",
        "locationConfidence" : 0.7723221
      }, {
        "latitudeE7" : 339594870,
        "longitudeE7" : -1182592650,
        "placeId" : "ChIJly6H2pjJwoARbd5so-aco8I",
        "locationConfidence" : 0.7066382
      } ],
      "editConfirmationStatus" : "NOT_CONFIRMED"
    }
  } ]
}