[{
  "device": {
    "mostRecentData": {
      "carrierName": "MetroPCS",
      "playStoreClientVersion": 82242510,
      "manufacturer": "samsung",
      "modelName": "SM-G950U",
      "deviceName": "dreamqltesq",
      "productName": "dreamqltesq",
      "retailBrand": "samsung",
      "totalMemoryBytes": "3510059008",
      "nativePlatform": ["arm64-v8a", "armeabi-v7a", "armeabi"],
      "deviceIpCountry": "US",
      "userLocale": "en_US",
      "buildFingerprint": "samsung/dreamqltesq/dreamqltesq:9/PPR1.180610.011/G950USQS8DTJ2:user/release-keys",
      "androidSdkVersion": "28"
    },
    "dataAtTimeOfUserPlayActivity": {
      "carrierName": "MetroPCS",
      "manufacturer": "samsung",
      "modelName": "SM-G950U",
      "deviceName": "dreamqltesq",
      "productName": "dreamqltesq",
      "retailBrand": "samsung",
      "nativePlatform": ["arm64-v8a", "armeabi-v7a", "armeabi"],
      "deviceIpCountry": "US",
      "userLocale": "en_US",
      "androidSdkVersion": "28"
    },
    "deviceRegistrationTime": "2021-01-10T15:21:50.371Z",
    "userAddedOnDeviceTime": "2021-01-10T15:21:50.371Z",
    "lastTimeDeviceActive": "2021-01-10T20:52:40.039616Z"
  }
},
{
  "device": {
    "mostRecentData": {
      "carrierName": "MetroPCS",
      "playStoreClientVersion": 82313010,
      "manufacturer": "samsung",
      "modelName": "SM-G950U",
      "deviceName": "dreamqltesq",
      "productName": "dreamqltesq",
      "retailBrand": "samsung",
      "totalMemoryBytes": "3510059008",
      "nativePlatform": ["arm64-v8a", "armeabi-v7a", "armeabi"],
      "deviceIpCountry": "US",
      "userLocale": "en_US",
      "buildFingerprint": "samsung/dreamqltesq/dreamqltesq:9/PPR1.180610.011/G950USQS8DTJ2:user/release-keys",
      "androidSdkVersion": "28"
    },
    "dataAtTimeOfUserPlayActivity": {
      "carrierName": "MetroPCS",
      "manufacturer": "samsung",
      "modelName": "SM-G950U",
      "deviceName": "dreamqltesq",
      "productName": "dreamqltesq",
      "retailBrand": "samsung",
      "nativePlatform": ["arm64-v8a", "armeabi-v7a", "armeabi"],
      "deviceIpCountry": "US",
      "userLocale": "en_US",
      "androidSdkVersion": "28"
    },
    "deviceRegistrationTime": "2021-01-06T23:16:21.492Z",
    "userAddedOnDeviceTime": "2021-01-06T23:16:21.492Z",
    "lastTimeDeviceActive": "2021-01-09T17:01:46.497359Z"
  }
}]