[{
  "libraryDoc": {
    "doc": {
      "documentType": "Android Apps",
      "title": "Microsoft Authenticator"
    },
    "acquisitionTime": "2021-01-06T23:16:31.472Z"
  }
},
{
  "libraryDoc": {
    "doc": {
      "documentType": "Android Apps",
      "title": "Microsoft Outlook: Organize Your Email \u0026 Calendar"
    },
    "acquisitionTime": "2021-01-06T23:16:35.639Z"
  }
},
{
  "libraryDoc": {
    "doc": {
      "documentType": "Android Apps",
      "title": "Cash App"
    },
    "acquisitionTime": "2021-01-06T23:16:38.961Z"
  }
},
{
  "libraryDoc": {
    "doc": {
      "documentType": "Android Apps",
      "title": "Samsung Health"
    },
    "acquisitionTime": "2021-01-06T23:16:42.884Z"
  }
},
{
  "libraryDoc": {
    "doc": {
      "documentType": "Android Apps",
      "title": "Google Play Services for AR"
    },
    "acquisitionTime": "2021-01-06T23:16:42.984Z"
  }
},
{
  "libraryDoc": {
    "doc": {
      "documentType": "Android Apps",
      "title": "Samsung Calculator"
    },
    "acquisitionTime": "2021-01-06T23:16:43.805Z"
  }
},
{
  "libraryDoc": {
    "doc": {
      "documentType": "Android Apps",
      "title": "Google Play services"
    },
    "acquisitionTime": "2021-01-06T23:16:44.248Z"
  }
},
{
  "libraryDoc": {
    "doc": {
      "documentType": "Android Apps",
      "title": "Samsung Notes"
    },
    "acquisitionTime": "2021-01-06T23:16:44.752Z"
  }
},
{
  "libraryDoc": {
    "doc": {
      "documentType": "Android Apps",
      "title": "Galaxy Wearable (Samsung Gear)"
    },
    "acquisitionTime": "2021-01-06T23:16:45.556Z"
  }
},
{
  "libraryDoc": {
    "doc": {
      "documentType": "Android Apps",
      "title": "Samsung Smart Switch Mobile"
    },
    "acquisitionTime": "2021-01-06T23:16:46.485Z"
  }
},
{
  "libraryDoc": {
    "doc": {
      "documentType": "Android Apps",
      "title": "Samsung Pay"
    },
    "acquisitionTime": "2021-01-06T23:16:47.324Z"
  }
},
{
  "libraryDoc": {
    "doc": {
      "documentType": "Android Apps",
      "title": "Samsung Members v1"
    },
    "acquisitionTime": "2021-01-06T23:16:48.137Z"
  }
},
{
  "libraryDoc": {
    "doc": {
      "documentType": "Android Apps",
      "title": "SmartThings"
    },
    "acquisitionTime": "2021-01-06T23:16:48.953Z"
  }
},
{
  "libraryDoc": {
    "doc": {
      "documentType": "Android Apps",
      "title": "Google Duo - High Quality Video Calls"
    },
    "acquisitionTime": "2021-01-06T23:16:49.797Z"
  }
},
{
  "libraryDoc": {
    "doc": {
      "documentType": "Android Apps",
      "title": "Google Drive"
    },
    "acquisitionTime": "2021-01-06T23:16:50.757Z"
  }
},
{
  "libraryDoc": {
    "doc": {
      "documentType": "Android Apps",
      "title": "Google TV (previously Play Movies \u0026 TV)"
    },
    "acquisitionTime": "2021-01-06T23:16:51.611Z"
  }
},
{
  "libraryDoc": {
    "doc": {
      "documentType": "Android Apps",
      "title": "Google Play Music"
    },
    "acquisitionTime": "2021-01-06T23:16:52.528Z"
  }
},
{
  "libraryDoc": {
    "doc": {
      "documentType": "Android Apps",
      "title": "Google Photos"
    },
    "acquisitionTime": "2021-01-06T23:16:53.423Z"
  }
},
{
  "libraryDoc": {
    "doc": {
      "documentType": "Android Apps",
      "title": "Google One"
    },
    "acquisitionTime": "2021-01-06T23:21:38.707Z"
  }
},
{
  "libraryDoc": {
    "doc": {
      "documentType": "Android Apps",
      "title": "Google Chrome: Fast \u0026 Secure"
    },
    "acquisitionTime": "2021-01-07T00:03:38.591Z"
  }
},
{
  "libraryDoc": {
    "doc": {
      "documentType": "Android Apps",
      "title": "video player HD 2021"
    },
    "acquisitionTime": "2021-01-07T01:33:23.950Z"
  }
},
{
  "libraryDoc": {
    "doc": {
      "documentType": "Android Apps",
      "title": "Video Player All Format"
    },
    "acquisitionTime": "2021-01-07T01:33:28.329Z"
  }
},
{
  "libraryDoc": {
    "doc": {
      "documentType": "Android Apps",
      "title": "MX Player"
    },
    "acquisitionTime": "2021-01-07T01:33:36.385Z"
  }
},
{
  "libraryDoc": {
    "doc": {
      "documentType": "Android Apps",
      "title": "Device Health Services"
    },
    "acquisitionTime": "2021-01-07T02:51:01.576Z"
  }
},
{
  "libraryDoc": {
    "doc": {
      "documentType": "Android Apps",
      "title": "Briefing"
    },
    "acquisitionTime": "2021-01-07T02:51:16.638Z"
  }
},
{
  "libraryDoc": {
    "doc": {
      "documentType": "Android Apps",
      "title": "Google VR Services"
    },
    "acquisitionTime": "2021-01-07T03:03:23.356Z"
  }
},
{
  "libraryDoc": {
    "doc": {
      "documentType": "Android Apps",
      "title": "Device Care"
    },
    "acquisitionTime": "2021-01-07T03:04:42.547Z"
  }
},
{
  "libraryDoc": {
    "doc": {
      "documentType": "Android Apps",
      "title": "ANT+ Plugins Service"
    },
    "acquisitionTime": "2021-01-07T03:05:00.711Z"
  }
},
{
  "libraryDoc": {
    "doc": {
      "documentType": "Android Apps",
      "title": "YouTube"
    },
    "acquisitionTime": "2021-01-07T03:05:31.264Z"
  }
},
{
  "libraryDoc": {
    "doc": {
      "documentType": "Android Apps",
      "title": "Maps - Navigate \u0026 Explore"
    },
    "acquisitionTime": "2021-01-07T03:06:21.822Z"
  }
},
{
  "libraryDoc": {
    "doc": {
      "documentType": "Android Apps",
      "title": "myMetro"
    },
    "acquisitionTime": "2021-01-07T03:07:19.033Z"
  }
},
{
  "libraryDoc": {
    "doc": {
      "documentType": "Android Apps",
      "title": "Google"
    },
    "acquisitionTime": "2021-01-07T03:07:39.370Z"
  }
},
{
  "libraryDoc": {
    "doc": {
      "documentType": "Android Apps",
      "title": "Samsung Email"
    },
    "acquisitionTime": "2021-01-07T03:09:32.630Z"
  }
},
{
  "libraryDoc": {
    "doc": {
      "documentType": "Android Apps",
      "title": "Mobile Security, Antivirus \u0026 Cleaner by Lookout"
    },
    "acquisitionTime": "2021-01-07T03:10:01.541Z"
  }
},
{
  "libraryDoc": {
    "doc": {
      "documentType": "Android Apps",
      "title": "Metro Name ID"
    },
    "acquisitionTime": "2021-01-07T03:10:43.477Z"
  }
},
{
  "libraryDoc": {
    "doc": {
      "documentType": "Android Apps",
      "title": "Gmail"
    },
    "acquisitionTime": "2021-01-07T03:11:06.875Z"
  }
},
{
  "libraryDoc": {
    "doc": {
      "documentType": "Android Apps",
      "title": "Roku"
    },
    "acquisitionTime": "2021-01-07T06:25:13.832Z"
  }
},
{
  "libraryDoc": {
    "doc": {
      "documentType": "Android Apps",
      "title": "Bank of America Mobile Banking"
    },
    "acquisitionTime": "2021-01-07T23:21:00.229Z"
  }
},
{
  "libraryDoc": {
    "doc": {
      "documentType": "Android Apps",
      "title": "DoorDash - Food Delivery"
    },
    "acquisitionTime": "2021-01-08T20:48:29.710Z"
  }
},
{
  "libraryDoc": {
    "doc": {
      "documentType": "Android Apps",
      "title": "DoorDash - Driver"
    },
    "acquisitionTime": "2021-01-08T20:48:35.154Z"
  }
},
{
  "libraryDoc": {
    "doc": {
      "documentType": "Android Apps",
      "title": "Facebook"
    },
    "acquisitionTime": "2021-01-09T04:04:20.085Z"
  }
},
{
  "libraryDoc": {
    "doc": {
      "documentType": "Android Apps",
      "title": "Contacts"
    },
    "acquisitionTime": "2021-01-10T15:36:25.039Z"
  }
},
{
  "libraryDoc": {
    "doc": {
      "documentType": "Android Apps",
      "title": "Microsoft OneDrive"
    },
    "acquisitionTime": "2021-01-10T15:59:40.130Z"
  }
},
{
  "libraryDoc": {
    "doc": {
      "documentType": "Android Apps",
      "title": "First PREMIER Mobile Banking"
    },
    "acquisitionTime": "2021-01-10T18:52:11.383Z"
  }
},
{
  "libraryDoc": {
    "doc": {
      "documentType": "Android Apps",
      "title": "Credit One Bank Mobile"
    },
    "acquisitionTime": "2021-01-10T18:52:27.956Z"
  }
},
{
  "libraryDoc": {
    "doc": {
      "documentType": "Android Apps",
      "title": "Experian - Free Credit Report \u0026 FICO® Score"
    },
    "acquisitionTime": "2021-01-10T18:52:30.444Z"
  }
},
{
  "libraryDoc": {
    "doc": {
      "documentType": "Android Apps",
      "title": "BofA Prepaid Mobile"
    },
    "acquisitionTime": "2021-01-10T18:52:40.571Z"
  }
},
{
  "libraryDoc": {
    "doc": {
      "documentType": "Android Apps",
      "title": "CalJOBS℠"
    },
    "acquisitionTime": "2021-01-10T18:52:43.639Z"
  }
},
{
  "libraryDoc": {
    "doc": {
      "documentType": "Android Apps",
      "title": "PREMIER Credit Card"
    },
    "acquisitionTime": "2021-01-10T20:17:48.839Z"
  }
},
{
  "libraryDoc": {
    "doc": {
      "documentType": "Android Apps",
      "title": "Robinhood - Investment \u0026 Trading, Commission-free"
    },
    "acquisitionTime": "2021-01-10T20:18:27.472Z"
  }
}]