[{
  "purchaseHistory": {
    "invoicePrice": "$0.00",
    "paymentMethodTitle": "",
    "userLanguageCode": "en_US",
    "userCountry": "US",
    "doc": {
      "documentType": "Android Apps",
      "title": "Google Photos"
    },
    "purchaseTime": "2021-01-06T23:16:53.423Z"
  }
},
{
  "purchaseHistory": {
    "invoicePrice": "$0.00",
    "paymentMethodTitle": "",
    "userLanguageCode": "en_US",
    "userCountry": "US",
    "doc": {
      "documentType": "Android Apps",
      "title": "Google Play Music"
    },
    "purchaseTime": "2021-01-06T23:16:52.528Z"
  }
},
{
  "purchaseHistory": {
    "invoicePrice": "$0.00",
    "paymentMethodTitle": "",
    "userLanguageCode": "en_US",
    "userCountry": "US",
    "doc": {
      "documentType": "Android Apps",
      "title": "Google TV (previously Play Movies \u0026 TV)"
    },
    "purchaseTime": "2021-01-06T23:16:51.611Z"
  }
},
{
  "purchaseHistory": {
    "invoicePrice": "$0.00",
    "paymentMethodTitle": "",
    "userLanguageCode": "en_US",
    "userCountry": "US",
    "doc": {
      "documentType": "Android Apps",
      "title": "Google Drive"
    },
    "purchaseTime": "2021-01-06T23:16:50.757Z"
  }
},
{
  "purchaseHistory": {
    "invoicePrice": "$0.00",
    "paymentMethodTitle": "",
    "userLanguageCode": "en_US",
    "userCountry": "US",
    "doc": {
      "documentType": "Android Apps",
      "title": "Google Duo - High Quality Video Calls"
    },
    "purchaseTime": "2021-01-06T23:16:49.797Z"
  }
},
{
  "purchaseHistory": {
    "invoicePrice": "$0.00",
    "paymentMethodTitle": "",
    "userLanguageCode": "en_US",
    "userCountry": "US",
    "doc": {
      "documentType": "Android Apps",
      "title": "SmartThings"
    },
    "purchaseTime": "2021-01-06T23:16:48.953Z"
  }
},
{
  "purchaseHistory": {
    "invoicePrice": "$0.00",
    "paymentMethodTitle": "",
    "userLanguageCode": "en_US",
    "userCountry": "US",
    "doc": {
      "documentType": "Android Apps",
      "title": "Samsung Members v1"
    },
    "purchaseTime": "2021-01-06T23:16:48.137Z"
  }
},
{
  "purchaseHistory": {
    "invoicePrice": "$0.00",
    "paymentMethodTitle": "",
    "userLanguageCode": "en_US",
    "userCountry": "US",
    "doc": {
      "documentType": "Android Apps",
      "title": "Samsung Pay"
    },
    "purchaseTime": "2021-01-06T23:16:47.324Z"
  }
},
{
  "purchaseHistory": {
    "invoicePrice": "$0.00",
    "paymentMethodTitle": "",
    "userLanguageCode": "en_US",
    "userCountry": "US",
    "doc": {
      "documentType": "Android Apps",
      "title": "Samsung Smart Switch Mobile"
    },
    "purchaseTime": "2021-01-06T23:16:46.485Z"
  }
},
{
  "purchaseHistory": {
    "invoicePrice": "$0.00",
    "paymentMethodTitle": "",
    "userLanguageCode": "en_US",
    "userCountry": "US",
    "doc": {
      "documentType": "Android Apps",
      "title": "Galaxy Wearable (Samsung Gear)"
    },
    "purchaseTime": "2021-01-06T23:16:45.556Z"
  }
},
{
  "purchaseHistory": {
    "invoicePrice": "$0.00",
    "paymentMethodTitle": "",
    "userLanguageCode": "en_US",
    "userCountry": "US",
    "doc": {
      "documentType": "Android Apps",
      "title": "Samsung Notes"
    },
    "purchaseTime": "2021-01-06T23:16:44.752Z"
  }
},
{
  "purchaseHistory": {
    "invoicePrice": "$0.00",
    "paymentMethodTitle": "",
    "userLanguageCode": "en_US",
    "userCountry": "US",
    "doc": {
      "documentType": "Android Apps",
      "title": "Samsung Calculator"
    },
    "purchaseTime": "2021-01-06T23:16:43.805Z"
  }
},
{
  "purchaseHistory": {
    "invoicePrice": "$0.00",
    "paymentMethodTitle": "",
    "userLanguageCode": "en_US",
    "userCountry": "US",
    "doc": {
      "documentType": "Android Apps",
      "title": "Samsung Health"
    },
    "purchaseTime": "2021-01-06T23:16:42.884Z"
  }
}]