{
  "title": "Screenshot_20210110-120709_One UI Home.jpg",
  "description": "",
  "imageViews": "0",
  "creationTime": {
    "timestamp": "1610309250",
    "formatted": "Jan 10, 2021, 8:07:30 PM UTC"
  },
  "modificationTime": {
    "timestamp": "1610309937",
    "formatted": "Jan 10, 2021, 8:18:57 PM UTC"
  },
  "photoTakenTime": {
    "timestamp": "1610309229",
    "formatted": "Jan 10, 2021, 8:07:09 PM UTC"
  },
  "geoData": {
    "latitude": 0.0,
    "longitude": 0.0,
    "altitude": 0.0,
    "latitudeSpan": 0.0,
    "longitudeSpan": 0.0
  },
  "geoDataExif": {
    "latitude": 0.0,
    "longitude": 0.0,
    "altitude": 0.0,
    "latitudeSpan": 0.0,
    "longitudeSpan": 0.0
  },
  "googlePhotosOrigin": {
    "mobileUpload": {
      "deviceFolder": {
        "localFolderName": ""
      },
      "deviceType": "ANDROID_PHONE"
    }
  }
}