{
  "title": "Screenshot_20210110-112723_One UI Home.jpg",
  "description": "",
  "imageViews": "0",
  "creationTime": {
    "timestamp": "1610306889",
    "formatted": "Jan 10, 2021, 7:28:09 PM UTC"
  },
  "modificationTime": {
    "timestamp": "1610309635",
    "formatted": "Jan 10, 2021, 8:13:55 PM UTC"
  },
  "photoTakenTime": {
    "timestamp": "1610306843",
    "formatted": "Jan 10, 2021, 7:27:23 PM UTC"
  },
  "geoData": {
    "latitude": 0.0,
    "longitude": 0.0,
    "altitude": 0.0,
    "latitudeSpan": 0.0,
    "longitudeSpan": 0.0
  },
  "geoDataExif": {
    "latitude": 0.0,
    "longitude": 0.0,
    "altitude": 0.0,
    "latitudeSpan": 0.0,
    "longitudeSpan": 0.0
  },
  "googlePhotosOrigin": {
    "mobileUpload": {
      "deviceFolder": {
        "localFolderName": ""
      },
      "deviceType": "ANDROID_PHONE"
    }
  }
}