{
    "Apps": [],
    "App Settings": [],
    "Preferences": [
        {
            "name": "intl.accept_languages",
            "value": "\"en-US,en\""
},
        {
            "name": "translate_site_blacklist_with_time",
            "value": "{}"
},
        {
            "name": "sharing.vapid_key",
            "value": "{\"vapid_creation_timestamp\":\"13254451622962495\",\"vapid_private_key\":\"MIGHAgEAMBMGByqGSM49AgEGCCqGSM49AwEHBG0wawIBAQQg87x4N7uQL1JB0Qzf2kafSHlTgaAkUuvWeyZdlgKji1ChRANCAAQrQmeg8+qZx5nOjvARsInVk8z0x/fL/wtdA6q6OEnbKMJEEukVTSVYAqGDe/ruKDf+6ex+JmdKuaIE3NgJX+jn\"}"
},
        {
            "name": "download.prompt_for_download_android",
            "value": "1"
},
        {
            "name": "translate_force_trigger_on_english_count_for_backoff_1",
            "value": "-1"
},
        {
            "name": "search.contextual_search_enabled",
            "value": "\"false\""
},
        {
            "name": "profile.cookie_controls_mode",
            "value": "0"
},
        {
            "name": "browser.clear_data.form_data",
            "value": "true"
},
        {
            "name": "browser.clear_data.passwords",
            "value": "true"
},
        {
            "name": "browser.clear_data.site_settings",
            "value": "true"
},
        {
            "name": "browser.clear_data.cookies",
            "value": "false"
}
    ],
    "Themes": []
}