{
  "locations" : [ {
    "timestampMs" : "1610293342298",
    "latitudeE7" : 339591300,
    "longitudeE7" : -1182595194,
    "accuracy" : 22,
    "velocity" : 0,
    "heading" : 201,
    "altitude" : 45,
    "verticalAccuracy" : 6,
    "activity" : [ {
      "timestampMs" : "1610292180308",
      "activity" : [ {
        "type" : "STILL",
        "confidence" : 96
      }, {
        "type" : "IN_VEHICLE",
        "confidence" : 2
      }, {
        "type" : "UNKNOWN",
        "confidence" : 2
      }, {
        "type" : "IN_ROAD_VEHICLE",
        "confidence" : 2
      }, {
        "type" : "IN_FOUR_WHEELER_VEHICLE",
        "confidence" : 2
      }, {
        "type" : "IN_CAR",
        "confidence" : 2
      } ]
    }, {
      "timestampMs" : "1610292420482",
      "activity" : [ {
        "type" : "UNKNOWN",
        "confidence" : 40
      }, {
        "type" : "IN_VEHICLE",
        "confidence" : 10
      }, {
        "type" : "ON_BICYCLE",
        "confidence" : 10
      }, {
        "type" : "ON_FOOT",
        "confidence" : 10
      }, {
        "type" : "WALKING",
        "confidence" : 10
      }, {
        "type" : "RUNNING",
        "confidence" : 10
      }, {
        "type" : "STILL",
        "confidence" : 10
      }, {
        "type" : "IN_ROAD_VEHICLE",
        "confidence" : 10
      }, {
        "type" : "IN_RAIL_VEHICLE",
        "confidence" : 10
      }, {
        "type" : "IN_FOUR_WHEELER_VEHICLE",
        "confidence" : 10
      }, {
        "type" : "IN_CAR",
        "confidence" : 10
      } ]
    }, {
      "timestampMs" : "1610292547240",
      "activity" : [ {
        "type" : "TILTING",
        "confidence" : 100
      } ]
    }, {
      "timestampMs" : "1610292673997",
      "activity" : [ {
        "type" : "STILL",
        "confidence" : 88
      }, {
        "type" : "IN_VEHICLE",
        "confidence" : 5
      }, {
        "type" : "IN_RAIL_VEHICLE",
        "confidence" : 5
      }, {
        "type" : "IN_ROAD_VEHICLE",
        "confidence" : 3
      }, {
        "type" : "IN_FOUR_WHEELER_VEHICLE",
        "confidence" : 3
      }, {
        "type" : "IN_CAR",
        "confidence" : 3
      }, {
        "type" : "ON_FOOT",
        "confidence" : 2
      }, {
        "type" : "WALKING",
        "confidence" : 2
      }, {
        "type" : "UNKNOWN",
        "confidence" : 2
      } ]
    }, {
      "timestampMs" : "1610292914116",
      "activity" : [ {
        "type" : "STILL",
        "confidence" : 69
      }, {
        "type" : "IN_VEHICLE",
        "confidence" : 13
      }, {
        "type" : "IN_ROAD_VEHICLE",
        "confidence" : 13
      }, {
        "type" : "IN_FOUR_WHEELER_VEHICLE",
        "confidence" : 13
      }, {
        "type" : "IN_CAR",
        "confidence" : 13
      }, {
        "type" : "ON_FOOT",
        "confidence" : 8
      }, {
        "type" : "WALKING",
        "confidence" : 8
      }, {
        "type" : "IN_RAIL_VEHICLE",
        "confidence" : 6
      }, {
        "type" : "UNKNOWN",
        "confidence" : 3
      }, {
        "type" : "ON_BICYCLE",
        "confidence" : 1
      } ]
    }, {
      "timestampMs" : "1610293155833",
      "activity" : [ {
        "type" : "STILL",
        "confidence" : 49
      }, {
        "type" : "IN_VEHICLE",
        "confidence" : 25
      }, {
        "type" : "IN_ROAD_VEHICLE",
        "confidence" : 25
      }, {
        "type" : "IN_FOUR_WHEELER_VEHICLE",
        "confidence" : 25
      }, {
        "type" : "IN_CAR",
        "confidence" : 25
      }, {
        "type" : "ON_FOOT",
        "confidence" : 12
      }, {
        "type" : "WALKING",
        "confidence" : 12
      }, {
        "type" : "IN_RAIL_VEHICLE",
        "confidence" : 10
      }, {
        "type" : "ON_BICYCLE",
        "confidence" : 2
      }, {
        "type" : "UNKNOWN",
        "confidence" : 2
      } ]
    }, {
      "timestampMs" : "1610293401135",
      "activity" : [ {
        "type" : "STILL",
        "confidence" : 63
      }, {
        "type" : "IN_VEHICLE",
        "confidence" : 25
      }, {
        "type" : "IN_ROAD_VEHICLE",
        "confidence" : 25
      }, {
        "type" : "IN_FOUR_WHEELER_VEHICLE",
        "confidence" : 25
      }, {
        "type" : "IN_CAR",
        "confidence" : 25
      }, {
        "type" : "ON_FOOT",
        "confidence" : 7
      }, {
        "type" : "WALKING",
        "confidence" : 7
      }, {
        "type" : "IN_RAIL_VEHICLE",
        "confidence" : 3
      }, {
        "type" : "UNKNOWN",
        "confidence" : 2
      } ]
    } ]
  }, {
    "timestampMs" : "1610294421630",
    "latitudeE7" : 339591300,
    "longitudeE7" : -1182595194,
    "accuracy" : 22,
    "velocity" : 0,
    "heading" : 201,
    "altitude" : 45,
    "verticalAccuracy" : 6,
    "activity" : [ {
      "timestampMs" : "1610294424985",
      "activity" : [ {
        "type" : "STILL",
        "confidence" : 55
      }, {
        "type" : "IN_VEHICLE",
        "confidence" : 13
      }, {
        "type" : "ON_FOOT",
        "confidence" : 13
      }, {
        "type" : "WALKING",
        "confidence" : 13
      }, {
        "type" : "IN_ROAD_VEHICLE",
        "confidence" : 13
      }, {
        "type" : "IN_RAIL_VEHICLE",
        "confidence" : 13
      }, {
        "type" : "IN_FOUR_WHEELER_VEHICLE",
        "confidence" : 13
      }, {
        "type" : "IN_CAR",
        "confidence" : 13
      }, {
        "type" : "ON_BICYCLE",
        "confidence" : 4
      }, {
        "type" : "UNKNOWN",
        "confidence" : 2
      } ]
    }, {
      "timestampMs" : "1610294684347",
      "activity" : [ {
        "type" : "STILL",
        "confidence" : 47
      }, {
        "type" : "IN_VEHICLE",
        "confidence" : 22
      }, {
        "type" : "IN_ROAD_VEHICLE",
        "confidence" : 22
      }, {
        "type" : "IN_FOUR_WHEELER_VEHICLE",
        "confidence" : 22
      }, {
        "type" : "IN_CAR",
        "confidence" : 22
      }, {
        "type" : "ON_FOOT",
        "confidence" : 16
      }, {
        "type" : "WALKING",
        "confidence" : 16
      }, {
        "type" : "IN_RAIL_VEHICLE",
        "confidence" : 12
      }, {
        "type" : "UNKNOWN",
        "confidence" : 2
      }, {
        "type" : "ON_BICYCLE",
        "confidence" : 1
      } ]
    }, {
      "timestampMs" : "1610294924612",
      "activity" : [ {
        "type" : "UNKNOWN",
        "confidence" : 40
      }, {
        "type" : "IN_VEHICLE",
        "confidence" : 10
      }, {
        "type" : "ON_BICYCLE",
        "confidence" : 10
      }, {
        "type" : "ON_FOOT",
        "confidence" : 10
      }, {
        "type" : "WALKING",
        "confidence" : 10
      }, {
        "type" : "RUNNING",
        "confidence" : 10
      }, {
        "type" : "STILL",
        "confidence" : 10
      }, {
        "type" : "IN_ROAD_VEHICLE",
        "confidence" : 10
      }, {
        "type" : "IN_RAIL_VEHICLE",
        "confidence" : 10
      }, {
        "type" : "IN_FOUR_WHEELER_VEHICLE",
        "confidence" : 10
      }, {
        "type" : "IN_CAR",
        "confidence" : 10
      } ]
    }, {
      "timestampMs" : "1610295180045",
      "activity" : [ {
        "type" : "UNKNOWN",
        "confidence" : 40
      }, {
        "type" : "IN_VEHICLE",
        "confidence" : 10
      }, {
        "type" : "ON_BICYCLE",
        "confidence" : 10
      }, {
        "type" : "ON_FOOT",
        "confidence" : 10
      }, {
        "type" : "WALKING",
        "confidence" : 10
      }, {
        "type" : "RUNNING",
        "confidence" : 10
      }, {
        "type" : "STILL",
        "confidence" : 10
      }, {
        "type" : "IN_ROAD_VEHICLE",
        "confidence" : 10
      }, {
        "type" : "IN_RAIL_VEHICLE",
        "confidence" : 10
      }, {
        "type" : "IN_FOUR_WHEELER_VEHICLE",
        "confidence" : 10
      }, {
        "type" : "IN_CAR",
        "confidence" : 10
      } ]
    }, {
      "timestampMs" : "1610295420544",
      "activity" : [ {
        "type" : "STILL",
        "confidence" : 39
      }, {
        "type" : "IN_VEHICLE",
        "confidence" : 21
      }, {
        "type" : "IN_ROAD_VEHICLE",
        "confidence" : 21
      }, {
        "type" : "IN_FOUR_WHEELER_VEHICLE",
        "confidence" : 21
      }, {
        "type" : "IN_CAR",
        "confidence" : 21
      }, {
        "type" : "IN_RAIL_VEHICLE",
        "confidence" : 20
      }, {
        "type" : "ON_FOOT",
        "confidence" : 16
      }, {
        "type" : "WALKING",
        "confidence" : 16
      }, {
        "type" : "ON_BICYCLE",
        "confidence" : 3
      }, {
        "type" : "UNKNOWN",
        "confidence" : 1
      } ]
    }, {
      "timestampMs" : "1610295660712",
      "activity" : [ {
        "type" : "UNKNOWN",
        "confidence" : 40
      }, {
        "type" : "IN_VEHICLE",
        "confidence" : 10
      }, {
        "type" : "ON_BICYCLE",
        "confidence" : 10
      }, {
        "type" : "ON_FOOT",
        "confidence" : 10
      }, {
        "type" : "WALKING",
        "confidence" : 10
      }, {
        "type" : "RUNNING",
        "confidence" : 10
      }, {
        "type" : "STILL",
        "confidence" : 10
      }, {
        "type" : "IN_ROAD_VEHICLE",
        "confidence" : 10
      }, {
        "type" : "IN_RAIL_VEHICLE",
        "confidence" : 10
      }, {
        "type" : "IN_FOUR_WHEELER_VEHICLE",
        "confidence" : 10
      }, {
        "type" : "IN_CAR",
        "confidence" : 10
      } ]
    }, {
      "timestampMs" : "1610296144630",
      "activity" : [ {
        "type" : "STILL",
        "confidence" : 99
      }, {
        "type" : "UNKNOWN",
        "confidence" : 1
      } ]
    }, {
      "timestampMs" : "1610296385327",
      "activity" : [ {
        "type" : "STILL",
        "confidence" : 97
      }, {
        "type" : "UNKNOWN",
        "confidence" : 2
      }, {
        "type" : "IN_VEHICLE",
        "confidence" : 1
      }, {
        "type" : "IN_RAIL_VEHICLE",
        "confidence" : 1
      } ]
    }, {
      "timestampMs" : "1610296629250",
      "activity" : [ {
        "type" : "STILL",
        "confidence" : 35
      }, {
        "type" : "IN_VEHICLE",
        "confidence" : 21
      }, {
        "type" : "IN_ROAD_VEHICLE",
        "confidence" : 21
      }, {
        "type" : "IN_RAIL_VEHICLE",
        "confidence" : 21
      }, {
        "type" : "IN_FOUR_WHEELER_VEHICLE",
        "confidence" : 21
      }, {
        "type" : "IN_CAR",
        "confidence" : 21
      }, {
        "type" : "ON_FOOT",
        "confidence" : 17
      }, {
        "type" : "WALKING",
        "confidence" : 17
      }, {
        "type" : "ON_BICYCLE",
        "confidence" : 4
      }, {
        "type" : "UNKNOWN",
        "confidence" : 2
      } ]
    }, {
      "timestampMs" : "1610296869446",
      "activity" : [ {
        "type" : "UNKNOWN",
        "confidence" : 40
      }, {
        "type" : "IN_VEHICLE",
        "confidence" : 10
      }, {
        "type" : "ON_BICYCLE",
        "confidence" : 10
      }, {
        "type" : "ON_FOOT",
        "confidence" : 10
      }, {
        "type" : "WALKING",
        "confidence" : 10
      }, {
        "type" : "RUNNING",
        "confidence" : 10
      }, {
        "type" : "STILL",
        "confidence" : 10
      }, {
        "type" : "IN_ROAD_VEHICLE",
        "confidence" : 10
      }, {
        "type" : "IN_RAIL_VEHICLE",
        "confidence" : 10
      }, {
        "type" : "IN_FOUR_WHEELER_VEHICLE",
        "confidence" : 10
      }, {
        "type" : "IN_CAR",
        "confidence" : 10
      } ]
    } ]
  }, {
    "timestampMs" : "1610299390390",
    "latitudeE7" : 339591011,
    "longitudeE7" : -1182595790,
    "accuracy" : 23,
    "altitude" : 6,
    "verticalAccuracy" : 1,
    "activity" : [ {
      "timestampMs" : "1610297114232",
      "activity" : [ {
        "type" : "UNKNOWN",
        "confidence" : 40
      }, {
        "type" : "IN_VEHICLE",
        "confidence" : 10
      }, {
        "type" : "ON_BICYCLE",
        "confidence" : 10
      }, {
        "type" : "ON_FOOT",
        "confidence" : 10
      }, {
        "type" : "WALKING",
        "confidence" : 10
      }, {
        "type" : "RUNNING",
        "confidence" : 10
      }, {
        "type" : "STILL",
        "confidence" : 10
      }, {
        "type" : "IN_ROAD_VEHICLE",
        "confidence" : 10
      }, {
        "type" : "IN_RAIL_VEHICLE",
        "confidence" : 10
      }, {
        "type" : "IN_FOUR_WHEELER_VEHICLE",
        "confidence" : 10
      }, {
        "type" : "IN_CAR",
        "confidence" : 10
      } ]
    }, {
      "timestampMs" : "1610297355398",
      "activity" : [ {
        "type" : "UNKNOWN",
        "confidence" : 40
      }, {
        "type" : "IN_VEHICLE",
        "confidence" : 10
      }, {
        "type" : "ON_BICYCLE",
        "confidence" : 10
      }, {
        "type" : "ON_FOOT",
        "confidence" : 10
      }, {
        "type" : "WALKING",
        "confidence" : 10
      }, {
        "type" : "RUNNING",
        "confidence" : 10
      }, {
        "type" : "STILL",
        "confidence" : 10
      }, {
        "type" : "IN_ROAD_VEHICLE",
        "confidence" : 10
      }, {
        "type" : "IN_RAIL_VEHICLE",
        "confidence" : 10
      }, {
        "type" : "IN_FOUR_WHEELER_VEHICLE",
        "confidence" : 10
      }, {
        "type" : "IN_CAR",
        "confidence" : 10
      } ]
    }, {
      "timestampMs" : "1610297644100",
      "activity" : [ {
        "type" : "UNKNOWN",
        "confidence" : 40
      }, {
        "type" : "IN_VEHICLE",
        "confidence" : 10
      }, {
        "type" : "ON_BICYCLE",
        "confidence" : 10
      }, {
        "type" : "ON_FOOT",
        "confidence" : 10
      }, {
        "type" : "WALKING",
        "confidence" : 10
      }, {
        "type" : "RUNNING",
        "confidence" : 10
      }, {
        "type" : "STILL",
        "confidence" : 10
      }, {
        "type" : "IN_ROAD_VEHICLE",
        "confidence" : 10
      }, {
        "type" : "IN_RAIL_VEHICLE",
        "confidence" : 10
      }, {
        "type" : "IN_FOUR_WHEELER_VEHICLE",
        "confidence" : 10
      }, {
        "type" : "IN_CAR",
        "confidence" : 10
      } ]
    }, {
      "timestampMs" : "1610297900003",
      "activity" : [ {
        "type" : "TILTING",
        "confidence" : 100
      } ]
    }, {
      "timestampMs" : "1610298155906",
      "activity" : [ {
        "type" : "UNKNOWN",
        "confidence" : 40
      }, {
        "type" : "IN_VEHICLE",
        "confidence" : 10
      }, {
        "type" : "ON_BICYCLE",
        "confidence" : 10
      }, {
        "type" : "ON_FOOT",
        "confidence" : 10
      }, {
        "type" : "WALKING",
        "confidence" : 10
      }, {
        "type" : "RUNNING",
        "confidence" : 10
      }, {
        "type" : "STILL",
        "confidence" : 10
      }, {
        "type" : "IN_ROAD_VEHICLE",
        "confidence" : 10
      }, {
        "type" : "IN_RAIL_VEHICLE",
        "confidence" : 10
      }, {
        "type" : "IN_FOUR_WHEELER_VEHICLE",
        "confidence" : 10
      }, {
        "type" : "IN_CAR",
        "confidence" : 10
      } ]
    }, {
      "timestampMs" : "1610298277617",
      "activity" : [ {
        "type" : "TILTING",
        "confidence" : 100
      } ]
    }, {
      "timestampMs" : "1610298394861",
      "activity" : [ {
        "type" : "STILL",
        "confidence" : 100
      } ]
    }, {
      "timestampMs" : "1610298535870",
      "activity" : [ {
        "type" : "TILTING",
        "confidence" : 100
      } ]
    }, {
      "timestampMs" : "1610298663475",
      "activity" : [ {
        "type" : "STILL",
        "confidence" : 100
      } ]
    }, {
      "timestampMs" : "1610298796622",
      "activity" : [ {
        "type" : "TILTING",
        "confidence" : 100
      } ]
    }, {
      "timestampMs" : "1610298920830",
      "activity" : [ {
        "type" : "STILL",
        "confidence" : 57
      }, {
        "type" : "IN_VEHICLE",
        "confidence" : 18
      }, {
        "type" : "IN_ROAD_VEHICLE",
        "confidence" : 18
      }, {
        "type" : "IN_FOUR_WHEELER_VEHICLE",
        "confidence" : 18
      }, {
        "type" : "IN_CAR",
        "confidence" : 18
      }, {
        "type" : "ON_FOOT",
        "confidence" : 12
      }, {
        "type" : "WALKING",
        "confidence" : 12
      }, {
        "type" : "IN_RAIL_VEHICLE",
        "confidence" : 10
      }, {
        "type" : "ON_BICYCLE",
        "confidence" : 2
      }, {
        "type" : "UNKNOWN",
        "confidence" : 1
      } ]
    }, {
      "timestampMs" : "1610299040912",
      "activity" : [ {
        "type" : "TILTING",
        "confidence" : 100
      } ]
    }, {
      "timestampMs" : "1610299160994",
      "activity" : [ {
        "type" : "STILL",
        "confidence" : 35
      }, {
        "type" : "IN_VEHICLE",
        "confidence" : 29
      }, {
        "type" : "IN_ROAD_VEHICLE",
        "confidence" : 29
      }, {
        "type" : "IN_FOUR_WHEELER_VEHICLE",
        "confidence" : 29
      }, {
        "type" : "IN_CAR",
        "confidence" : 29
      }, {
        "type" : "IN_RAIL_VEHICLE",
        "confidence" : 20
      }, {
        "type" : "ON_FOOT",
        "confidence" : 8
      }, {
        "type" : "WALKING",
        "confidence" : 8
      }, {
        "type" : "ON_BICYCLE",
        "confidence" : 6
      }, {
        "type" : "UNKNOWN",
        "confidence" : 2
      } ]
    }, {
      "timestampMs" : "1610299409524",
      "activity" : [ {
        "type" : "STILL",
        "confidence" : 47
      }, {
        "type" : "ON_BICYCLE",
        "confidence" : 16
      }, {
        "type" : "ON_FOOT",
        "confidence" : 13
      }, {
        "type" : "WALKING",
        "confidence" : 13
      }, {
        "type" : "IN_VEHICLE",
        "confidence" : 11
      }, {
        "type" : "IN_ROAD_VEHICLE",
        "confidence" : 11
      }, {
        "type" : "IN_FOUR_WHEELER_VEHICLE",
        "confidence" : 11
      }, {
        "type" : "IN_CAR",
        "confidence" : 11
      }, {
        "type" : "IN_RAIL_VEHICLE",
        "confidence" : 9
      }, {
        "type" : "UNKNOWN",
        "confidence" : 3
      }, {
        "type" : "RUNNING",
        "confidence" : 1
      } ]
    }, {
      "timestampMs" : "1610299649799",
      "activity" : [ {
        "type" : "STILL",
        "confidence" : 98
      }, {
        "type" : "UNKNOWN",
        "confidence" : 2
      } ]
    } ]
  }, {
    "timestampMs" : "1610303064280",
    "latitudeE7" : 339590694,
    "longitudeE7" : -1182595687,
    "accuracy" : 20,
    "altitude" : 6,
    "verticalAccuracy" : 1
  }, {
    "timestampMs" : "1610304193226",
    "latitudeE7" : 339590535,
    "longitudeE7" : -1182595292,
    "accuracy" : 16,
    "altitude" : 6,
    "verticalAccuracy" : 1
  }, {
    "timestampMs" : "1610304360542",
    "latitudeE7" : 339590535,
    "longitudeE7" : -1182595292,
    "accuracy" : 16,
    "altitude" : 6,
    "verticalAccuracy" : 1,
    "activity" : [ {
      "timestampMs" : "1610304196661",
      "activity" : [ {
        "type" : "STILL",
        "confidence" : 100
      } ]
    }, {
      "timestampMs" : "1610304351399",
      "activity" : [ {
        "type" : "TILTING",
        "confidence" : 100
      } ]
    } ]
  }, {
    "timestampMs" : "1610304484797",
    "latitudeE7" : 339590535,
    "longitudeE7" : -1182595292,
    "accuracy" : 16,
    "altitude" : 6,
    "verticalAccuracy" : 1,
    "activity" : [ {
      "timestampMs" : "1610304488202",
      "activity" : [ {
        "type" : "UNKNOWN",
        "confidence" : 40
      }, {
        "type" : "IN_VEHICLE",
        "confidence" : 10
      }, {
        "type" : "ON_BICYCLE",
        "confidence" : 10
      }, {
        "type" : "ON_FOOT",
        "confidence" : 10
      }, {
        "type" : "WALKING",
        "confidence" : 10
      }, {
        "type" : "RUNNING",
        "confidence" : 10
      }, {
        "type" : "STILL",
        "confidence" : 10
      }, {
        "type" : "IN_ROAD_VEHICLE",
        "confidence" : 10
      }, {
        "type" : "IN_RAIL_VEHICLE",
        "confidence" : 10
      }, {
        "type" : "IN_FOUR_WHEELER_VEHICLE",
        "confidence" : 10
      }, {
        "type" : "IN_CAR",
        "confidence" : 10
      } ]
    }, {
      "timestampMs" : "1610304737226",
      "activity" : [ {
        "type" : "STILL",
        "confidence" : 46
      }, {
        "type" : "ON_FOOT",
        "confidence" : 20
      }, {
        "type" : "WALKING",
        "confidence" : 20
      }, {
        "type" : "IN_VEHICLE",
        "confidence" : 16
      }, {
        "type" : "IN_ROAD_VEHICLE",
        "confidence" : 16
      }, {
        "type" : "IN_FOUR_WHEELER_VEHICLE",
        "confidence" : 16
      }, {
        "type" : "IN_CAR",
        "confidence" : 16
      }, {
        "type" : "IN_RAIL_VEHICLE",
        "confidence" : 14
      }, {
        "type" : "ON_BICYCLE",
        "confidence" : 3
      }, {
        "type" : "UNKNOWN",
        "confidence" : 1
      } ]
    }, {
      "timestampMs" : "1610304868421",
      "activity" : [ {
        "type" : "TILTING",
        "confidence" : 100
      } ]
    }, {
      "timestampMs" : "1610304999615",
      "activity" : [ {
        "type" : "STILL",
        "confidence" : 42
      }, {
        "type" : "ON_FOOT",
        "confidence" : 29
      }, {
        "type" : "WALKING",
        "confidence" : 29
      }, {
        "type" : "IN_VEHICLE",
        "confidence" : 13
      }, {
        "type" : "IN_ROAD_VEHICLE",
        "confidence" : 13
      }, {
        "type" : "IN_FOUR_WHEELER_VEHICLE",
        "confidence" : 13
      }, {
        "type" : "IN_CAR",
        "confidence" : 13
      }, {
        "type" : "IN_RAIL_VEHICLE",
        "confidence" : 12
      }, {
        "type" : "ON_BICYCLE",
        "confidence" : 3
      }, {
        "type" : "UNKNOWN",
        "confidence" : 1
      } ]
    }, {
      "timestampMs" : "1610305123113",
      "activity" : [ {
        "type" : "TILTING",
        "confidence" : 100
      } ]
    } ]
  }, {
    "timestampMs" : "1610305992823",
    "latitudeE7" : 339591023,
    "longitudeE7" : -1182595802,
    "accuracy" : 14,
    "altitude" : 6,
    "verticalAccuracy" : 1,
    "activity" : [ {
      "timestampMs" : "1610305246611",
      "activity" : [ {
        "type" : "UNKNOWN",
        "confidence" : 40
      }, {
        "type" : "IN_VEHICLE",
        "confidence" : 10
      }, {
        "type" : "ON_BICYCLE",
        "confidence" : 10
      }, {
        "type" : "ON_FOOT",
        "confidence" : 10
      }, {
        "type" : "WALKING",
        "confidence" : 10
      }, {
        "type" : "RUNNING",
        "confidence" : 10
      }, {
        "type" : "STILL",
        "confidence" : 10
      }, {
        "type" : "IN_ROAD_VEHICLE",
        "confidence" : 10
      }, {
        "type" : "IN_RAIL_VEHICLE",
        "confidence" : 10
      }, {
        "type" : "IN_FOUR_WHEELER_VEHICLE",
        "confidence" : 10
      }, {
        "type" : "IN_CAR",
        "confidence" : 10
      } ]
    }, {
      "timestampMs" : "1610305373613",
      "activity" : [ {
        "type" : "TILTING",
        "confidence" : 100
      } ]
    }, {
      "timestampMs" : "1610305500614",
      "activity" : [ {
        "type" : "STILL",
        "confidence" : 99
      }, {
        "type" : "UNKNOWN",
        "confidence" : 1
      } ]
    }, {
      "timestampMs" : "1610305751747",
      "activity" : [ {
        "type" : "STILL",
        "confidence" : 99
      }, {
        "type" : "UNKNOWN",
        "confidence" : 1
      } ]
    }, {
      "timestampMs" : "1610305992598",
      "activity" : [ {
        "type" : "STILL",
        "confidence" : 99
      }, {
        "type" : "UNKNOWN",
        "confidence" : 1
      } ]
    } ]
  }, {
    "timestampMs" : "1610306435273",
    "latitudeE7" : 339590535,
    "longitudeE7" : -1182595353,
    "accuracy" : 16,
    "altitude" : 6,
    "verticalAccuracy" : 1,
    "activity" : [ {
      "timestampMs" : "1610306468138",
      "activity" : [ {
        "type" : "TILTING",
        "confidence" : 100
      } ]
    }, {
      "timestampMs" : "1610306934598",
      "activity" : [ {
        "type" : "STILL",
        "confidence" : 75
      }, {
        "type" : "ON_FOOT",
        "confidence" : 20
      }, {
        "type" : "WALKING",
        "confidence" : 20
      }, {
        "type" : "ON_BICYCLE",
        "confidence" : 2
      }, {
        "type" : "UNKNOWN",
        "confidence" : 2
      }, {
        "type" : "IN_VEHICLE",
        "confidence" : 1
      }, {
        "type" : "IN_ROAD_VEHICLE",
        "confidence" : 1
      }, {
        "type" : "IN_FOUR_WHEELER_VEHICLE",
        "confidence" : 1
      }, {
        "type" : "IN_CAR",
        "confidence" : 1
      } ]
    }, {
      "timestampMs" : "1610307175409",
      "activity" : [ {
        "type" : "UNKNOWN",
        "confidence" : 40
      }, {
        "type" : "IN_VEHICLE",
        "confidence" : 10
      }, {
        "type" : "ON_BICYCLE",
        "confidence" : 10
      }, {
        "type" : "ON_FOOT",
        "confidence" : 10
      }, {
        "type" : "WALKING",
        "confidence" : 10
      }, {
        "type" : "RUNNING",
        "confidence" : 10
      }, {
        "type" : "STILL",
        "confidence" : 10
      }, {
        "type" : "IN_ROAD_VEHICLE",
        "confidence" : 10
      }, {
        "type" : "IN_RAIL_VEHICLE",
        "confidence" : 10
      }, {
        "type" : "IN_FOUR_WHEELER_VEHICLE",
        "confidence" : 10
      }, {
        "type" : "IN_CAR",
        "confidence" : 10
      } ]
    }, {
      "timestampMs" : "1610307449072",
      "activity" : [ {
        "type" : "UNKNOWN",
        "confidence" : 40
      }, {
        "type" : "IN_VEHICLE",
        "confidence" : 10
      }, {
        "type" : "ON_BICYCLE",
        "confidence" : 10
      }, {
        "type" : "ON_FOOT",
        "confidence" : 10
      }, {
        "type" : "WALKING",
        "confidence" : 10
      }, {
        "type" : "RUNNING",
        "confidence" : 10
      }, {
        "type" : "STILL",
        "confidence" : 10
      }, {
        "type" : "IN_ROAD_VEHICLE",
        "confidence" : 10
      }, {
        "type" : "IN_RAIL_VEHICLE",
        "confidence" : 10
      }, {
        "type" : "IN_FOUR_WHEELER_VEHICLE",
        "confidence" : 10
      }, {
        "type" : "IN_CAR",
        "confidence" : 10
      } ]
    }, {
      "timestampMs" : "1610307689874",
      "activity" : [ {
        "type" : "UNKNOWN",
        "confidence" : 40
      }, {
        "type" : "IN_VEHICLE",
        "confidence" : 10
      }, {
        "type" : "ON_BICYCLE",
        "confidence" : 10
      }, {
        "type" : "ON_FOOT",
        "confidence" : 10
      }, {
        "type" : "WALKING",
        "confidence" : 10
      }, {
        "type" : "RUNNING",
        "confidence" : 10
      }, {
        "type" : "STILL",
        "confidence" : 10
      }, {
        "type" : "IN_ROAD_VEHICLE",
        "confidence" : 10
      }, {
        "type" : "IN_RAIL_VEHICLE",
        "confidence" : 10
      }, {
        "type" : "IN_FOUR_WHEELER_VEHICLE",
        "confidence" : 10
      }, {
        "type" : "IN_CAR",
        "confidence" : 10
      } ]
    }, {
      "timestampMs" : "1610307930736",
      "activity" : [ {
        "type" : "UNKNOWN",
        "confidence" : 40
      }, {
        "type" : "IN_VEHICLE",
        "confidence" : 10
      }, {
        "type" : "ON_BICYCLE",
        "confidence" : 10
      }, {
        "type" : "ON_FOOT",
        "confidence" : 10
      }, {
        "type" : "WALKING",
        "confidence" : 10
      }, {
        "type" : "RUNNING",
        "confidence" : 10
      }, {
        "type" : "STILL",
        "confidence" : 10
      }, {
        "type" : "IN_ROAD_VEHICLE",
        "confidence" : 10
      }, {
        "type" : "IN_RAIL_VEHICLE",
        "confidence" : 10
      }, {
        "type" : "IN_FOUR_WHEELER_VEHICLE",
        "confidence" : 10
      }, {
        "type" : "IN_CAR",
        "confidence" : 10
      } ]
    }, {
      "timestampMs" : "1610308050838",
      "activity" : [ {
        "type" : "TILTING",
        "confidence" : 100
      } ]
    }, {
      "timestampMs" : "1610308170940",
      "activity" : [ {
        "type" : "STILL",
        "confidence" : 58
      }, {
        "type" : "IN_VEHICLE",
        "confidence" : 17
      }, {
        "type" : "IN_ROAD_VEHICLE",
        "confidence" : 17
      }, {
        "type" : "IN_FOUR_WHEELER_VEHICLE",
        "confidence" : 17
      }, {
        "type" : "IN_CAR",
        "confidence" : 17
      }, {
        "type" : "ON_FOOT",
        "confidence" : 13
      }, {
        "type" : "WALKING",
        "confidence" : 13
      }, {
        "type" : "IN_RAIL_VEHICLE",
        "confidence" : 7
      }, {
        "type" : "ON_BICYCLE",
        "confidence" : 3
      }, {
        "type" : "UNKNOWN",
        "confidence" : 2
      } ]
    }, {
      "timestampMs" : "1610308411310",
      "activity" : [ {
        "type" : "STILL",
        "confidence" : 99
      }, {
        "type" : "UNKNOWN",
        "confidence" : 1
      } ]
    }, {
      "timestampMs" : "1610308651511",
      "activity" : [ {
        "type" : "STILL",
        "confidence" : 99
      }, {
        "type" : "UNKNOWN",
        "confidence" : 1
      } ]
    } ]
  }, {
    "timestampMs" : "1610308412489",
    "latitudeE7" : 339591011,
    "longitudeE7" : -1182595652,
    "accuracy" : 12,
    "altitude" : 6,
    "verticalAccuracy" : 1,
    "activity" : [ {
      "timestampMs" : "1610308891832",
      "activity" : [ {
        "type" : "STILL",
        "confidence" : 99
      }, {
        "type" : "UNKNOWN",
        "confidence" : 1
      } ]
    } ]
  }, {
    "timestampMs" : "1610310170220",
    "latitudeE7" : 339591022,
    "longitudeE7" : -1182595656,
    "accuracy" : 14,
    "altitude" : 6,
    "verticalAccuracy" : 1,
    "activity" : [ {
      "timestampMs" : "1610309534973",
      "activity" : [ {
        "type" : "TILTING",
        "confidence" : 100
      } ]
    }, {
      "timestampMs" : "1610310173625",
      "activity" : [ {
        "type" : "STILL",
        "confidence" : 100
      } ]
    } ]
  } ]
}